i,j,similarity,dataset_i,dataset_j,level_i,level_j
4839,2763,0.531,deplain_apa_doc,apa_lha,B1,A2
4840,2665,0.5254,deplain_apa_doc,apa_lha,B1,A2
4841,3076,0.802,deplain_apa_doc,apa_lha,B1,A2
4842,3624,0.3356,deplain_apa_doc,apa_lha,B1,B1
4843,4541,0.6422,deplain_apa_doc,apa_lha,B1,B1
4844,2893,0.518,deplain_apa_doc,apa_lha,B1,A2
4845,2703,0.5336,deplain_apa_doc,apa_lha,B1,A2
4846,4509,0.5514,deplain_apa_doc,apa_lha,B1,B1
4847,4054,0.6863,deplain_apa_doc,apa_lha,B1,B1
4848,3032,0.5108,deplain_apa_doc,apa_lha,B1,A2
4849,3824,0.5471,deplain_apa_doc,apa_lha,B1,B1
4850,2626,0.4327,deplain_apa_doc,apa_lha,B1,A2
4851,4405,0.4608,deplain_apa_doc,apa_lha,B1,B1
4852,4398,0.5309,deplain_apa_doc,apa_lha,B1,B1
4853,3580,0.4484,deplain_apa_doc,apa_lha,B1,B1
4854,4606,0.4903,deplain_apa_doc,apa_lha,B1,B1
4855,4627,0.5333,deplain_apa_doc,apa_lha,B1,B1
4856,4327,0.6444,deplain_apa_doc,apa_lha,B1,B1
4857,2720,0.5024,deplain_apa_doc,apa_lha,B1,A2
4858,4423,0.5345,deplain_apa_doc,apa_lha,B1,B1
4859,2847,0.5853,deplain_apa_doc,apa_lha,B1,A2
4860,4375,0.5223,deplain_apa_doc,apa_lha,B1,B1
4861,2857,0.5237,deplain_apa_doc,apa_lha,B1,A2
4862,2922,0.6193,deplain_apa_doc,apa_lha,B1,A2
4863,4382,0.405,deplain_apa_doc,apa_lha,B1,B1
4864,4394,0.5874,deplain_apa_doc,apa_lha,B1,B1
4865,4762,0.5555,deplain_apa_doc,apa_lha,B1,B1
4866,4231,0.663,deplain_apa_doc,apa_lha,B1,B1
4867,4231,0.6018,deplain_apa_doc,apa_lha,B1,B1
4868,2790,0.3972,deplain_apa_doc,apa_lha,B1,A2
4869,4755,0.4984,deplain_apa_doc,apa_lha,B1,B1
4870,4566,0.5377,deplain_apa_doc,apa_lha,B1,B1
4871,3631,0.463,deplain_apa_doc,apa_lha,B1,B1
4872,4627,0.6059,deplain_apa_doc,apa_lha,B1,B1
4873,4688,0.5019,deplain_apa_doc,apa_lha,B1,B1
4874,4462,0.5004,deplain_apa_doc,apa_lha,B1,B1
4875,4597,0.677,deplain_apa_doc,apa_lha,B1,B1
4876,4729,0.4408,deplain_apa_doc,apa_lha,B1,B1
4877,3888,0.4078,deplain_apa_doc,apa_lha,B1,B1
4878,4728,0.5832,deplain_apa_doc,apa_lha,B1,B1
4879,4431,0.6751,deplain_apa_doc,apa_lha,B1,B1
4880,3082,0.3736,deplain_apa_doc,apa_lha,B1,A2
4881,4628,0.599,deplain_apa_doc,apa_lha,B1,B1
4882,4687,0.4924,deplain_apa_doc,apa_lha,B1,B1
4883,4702,0.5878,deplain_apa_doc,apa_lha,B1,B1
4884,4527,0.5302,deplain_apa_doc,apa_lha,B1,B1
4885,4725,0.6491,deplain_apa_doc,apa_lha,B1,B1
4886,1570,0.3945,deplain_apa_doc,apa_lha,B1,A2
4887,3548,0.6783,deplain_apa_doc,apa_lha,B1,B1
4888,4452,0.5495,deplain_apa_doc,apa_lha,B1,B1
4889,4707,0.4856,deplain_apa_doc,apa_lha,B1,B1
4890,4731,0.6114,deplain_apa_doc,apa_lha,B1,B1
4891,4793,0.5858,deplain_apa_doc,apa_lha,B1,B1
4892,4627,0.6325,deplain_apa_doc,apa_lha,B1,B1
4893,4721,0.5457,deplain_apa_doc,apa_lha,B1,B1
4894,4627,0.5745,deplain_apa_doc,apa_lha,B1,B1
4895,2824,0.4019,deplain_apa_doc,apa_lha,B1,A2
4896,4488,0.5235,deplain_apa_doc,apa_lha,B1,B1
4897,3049,0.6156,deplain_apa_doc,apa_lha,B1,A2
4898,3913,0.6115,deplain_apa_doc,apa_lha,B1,B1
4899,4662,0.5991,deplain_apa_doc,apa_lha,B1,B1
4900,4733,0.4855,deplain_apa_doc,apa_lha,B1,B1
4901,4519,0.4962,deplain_apa_doc,apa_lha,B1,B1
4902,4413,0.5241,deplain_apa_doc,apa_lha,B1,B1
4903,3983,0.408,deplain_apa_doc,apa_lha,B1,B1
4904,4660,0.5994,deplain_apa_doc,apa_lha,B1,B1
4905,4345,0.5083,deplain_apa_doc,apa_lha,B1,B1
4906,3702,0.4502,deplain_apa_doc,apa_lha,B1,B1
4907,4530,0.5419,deplain_apa_doc,apa_lha,B1,B1
4908,4317,0.4682,deplain_apa_doc,apa_lha,B1,B1
4909,4657,0.5899,deplain_apa_doc,apa_lha,B1,B1
4910,3847,0.6462,deplain_apa_doc,apa_lha,B1,B1
4911,3463,0.5345,deplain_apa_doc,apa_lha,B1,B1
4912,4344,0.5605,deplain_apa_doc,apa_lha,B1,B1
4913,4627,0.5243,deplain_apa_doc,apa_lha,B1,B1
4914,4698,0.4636,deplain_apa_doc,apa_lha,B1,B1
4915,2674,0.4892,deplain_apa_doc,apa_lha,B1,A2
4916,4479,0.6642,deplain_apa_doc,apa_lha,B1,B1
4917,3035,0.6127,deplain_apa_doc,apa_lha,B1,A2
4918,4079,0.487,deplain_apa_doc,apa_lha,B1,B1
4919,3152,0.485,deplain_apa_doc,apa_lha,B1,A2
4920,4645,0.4112,deplain_apa_doc,apa_lha,B1,B1
4921,4638,0.6854,deplain_apa_doc,apa_lha,B1,B1
4922,4501,0.6121,deplain_apa_doc,apa_lha,B1,B1
4923,2922,0.6484,deplain_apa_doc,apa_lha,B1,A2
4924,4391,0.621,deplain_apa_doc,apa_lha,B1,B1
4925,4353,0.5431,deplain_apa_doc,apa_lha,B1,B1
4926,4685,0.3947,deplain_apa_doc,apa_lha,B1,B1
4927,4353,0.5473,deplain_apa_doc,apa_lha,B1,B1
4928,4588,0.6556,deplain_apa_doc,apa_lha,B1,B1
4929,4563,0.5168,deplain_apa_doc,apa_lha,B1,B1
4930,2861,0.3714,deplain_apa_doc,apa_lha,B1,A2
4931,4144,0.4627,deplain_apa_doc,apa_lha,B1,B1
4932,3546,0.4134,deplain_apa_doc,apa_lha,B1,B1
4933,4391,0.6751,deplain_apa_doc,apa_lha,B1,B1
4934,4347,0.5211,deplain_apa_doc,apa_lha,B1,B1
4935,4609,0.5976,deplain_apa_doc,apa_lha,B1,B1
4936,3326,0.5214,deplain_apa_doc,apa_lha,B1,B1
4937,4532,0.6743,deplain_apa_doc,apa_lha,B1,B1
4938,4653,0.459,deplain_apa_doc,apa_lha,B1,B1
4939,4371,0.6413,deplain_apa_doc,apa_lha,B1,B1
4940,4615,0.4021,deplain_apa_doc,apa_lha,B1,B1
4941,4325,0.5468,deplain_apa_doc,apa_lha,B1,B1
4942,2359,0.4051,deplain_apa_doc,apa_lha,B1,A2
4943,3410,0.7226,deplain_apa_doc,apa_lha,B1,B1
4944,2359,0.479,deplain_apa_doc,apa_lha,B1,A2
4945,4666,0.5346,deplain_apa_doc,apa_lha,B1,B1
4946,4655,0.5208,deplain_apa_doc,apa_lha,B1,B1
4947,4496,0.5839,deplain_apa_doc,apa_lha,B1,B1
4948,4280,0.592,deplain_apa_doc,apa_lha,B1,B1
4949,4655,0.5832,deplain_apa_doc,apa_lha,B1,B1
4950,4442,0.5336,deplain_apa_doc,apa_lha,B1,B1
4951,3349,0.4684,deplain_apa_doc,apa_lha,B1,B1
4952,2740,0.4713,deplain_apa_doc,apa_lha,B1,A2
4953,2916,0.5377,deplain_apa_doc,apa_lha,B1,A2
4954,4331,0.4844,deplain_apa_doc,apa_lha,B1,B1
4955,2646,0.4433,deplain_apa_doc,apa_lha,B1,A2
4956,4514,0.6502,deplain_apa_doc,apa_lha,B1,B1
4957,4690,0.5654,deplain_apa_doc,apa_lha,B1,B1
4958,4463,0.4281,deplain_apa_doc,apa_lha,B1,B1
4959,4366,0.5547,deplain_apa_doc,apa_lha,B1,B1
4960,2836,0.4268,deplain_apa_doc,apa_lha,B1,A2
4961,2916,0.5336,deplain_apa_doc,apa_lha,B1,A2
4962,2944,0.409,deplain_apa_doc,apa_lha,B1,A2
4963,3160,0.5621,deplain_apa_doc,apa_lha,B1,A2
4964,4402,0.5203,deplain_apa_doc,apa_lha,B1,B1
4965,4600,0.5404,deplain_apa_doc,apa_lha,B1,B1
4966,4537,0.5568,deplain_apa_doc,apa_lha,B1,B1
4967,2658,0.5124,deplain_apa_doc,apa_lha,B1,A2
4968,1559,0.4671,deplain_apa_doc,apa_lha,B1,A2
4969,2734,0.4499,deplain_apa_doc,apa_lha,B1,A2
4970,3882,0.4755,deplain_apa_doc,apa_lha,B1,B1
4971,4622,0.4852,deplain_apa_doc,apa_lha,B1,B1
4972,2933,0.4483,deplain_apa_doc,apa_lha,B1,A2
4973,4694,0.4933,deplain_apa_doc,apa_lha,B1,B1
4974,4708,0.6124,deplain_apa_doc,apa_lha,B1,B1
4975,4774,0.5342,deplain_apa_doc,apa_lha,B1,B1
4976,4452,0.7089,deplain_apa_doc,apa_lha,B1,B1
4977,4560,0.5336,deplain_apa_doc,apa_lha,B1,B1
4978,4486,0.5477,deplain_apa_doc,apa_lha,B1,B1
4979,4480,0.4613,deplain_apa_doc,apa_lha,B1,B1
4980,4009,0.4806,deplain_apa_doc,apa_lha,B1,B1
4981,4368,0.4335,deplain_apa_doc,apa_lha,B1,B1
4982,4351,0.4661,deplain_apa_doc,apa_lha,B1,B1
4983,3484,0.6656,deplain_apa_doc,apa_lha,B1,B1
4984,4766,0.513,deplain_apa_doc,apa_lha,B1,B1
4985,1817,0.4904,deplain_apa_doc,apa_lha,B1,A2
4986,2942,0.5182,deplain_apa_doc,apa_lha,B1,A2
4987,3456,0.5354,deplain_apa_doc,apa_lha,B1,B1
4988,3021,0.456,deplain_apa_doc,apa_lha,B1,A2
4989,4818,0.4908,deplain_apa_doc,apa_lha,B1,B1
4990,3386,0.4435,deplain_apa_doc,apa_lha,B1,B1
4991,4816,0.5001,deplain_apa_doc,apa_lha,B1,B1
4992,3484,0.6482,deplain_apa_doc,apa_lha,B1,B1
4993,3372,0.5905,deplain_apa_doc,apa_lha,B1,B1
4994,3471,0.5356,deplain_apa_doc,apa_lha,B1,B1
4995,3341,0.5938,deplain_apa_doc,apa_lha,B1,B1
4996,3307,0.4358,deplain_apa_doc,apa_lha,B1,B1
4997,3502,0.6024,deplain_apa_doc,apa_lha,B1,B1
4998,4786,0.4907,deplain_apa_doc,apa_lha,B1,B1
4999,3279,0.5784,deplain_apa_doc,apa_lha,B1,B1
5000,3319,0.4576,deplain_apa_doc,apa_lha,B1,B1
5001,3444,0.4902,deplain_apa_doc,apa_lha,B1,B1
5002,3421,0.554,deplain_apa_doc,apa_lha,B1,B1
5003,3488,0.4073,deplain_apa_doc,apa_lha,B1,B1
5004,3217,0.4394,deplain_apa_doc,apa_lha,B1,A2
5005,3479,0.4679,deplain_apa_doc,apa_lha,B1,B1
5006,3276,0.6984,deplain_apa_doc,apa_lha,B1,B1
5007,3358,0.51,deplain_apa_doc,apa_lha,B1,B1
5008,4047,0.4739,deplain_apa_doc,apa_lha,B1,B1
5009,3302,0.4531,deplain_apa_doc,apa_lha,B1,B1
5010,1656,0.4972,deplain_apa_doc,apa_lha,B1,A2
5011,3329,0.439,deplain_apa_doc,apa_lha,B1,B1
5012,3159,0.4853,deplain_apa_doc,apa_lha,B1,A2
5013,3457,0.4943,deplain_apa_doc,apa_lha,B1,B1
5014,3316,0.5507,deplain_apa_doc,apa_lha,B1,B1
5015,3338,0.6842,deplain_apa_doc,apa_lha,B1,B1
5016,3436,0.4256,deplain_apa_doc,apa_lha,B1,B1
5017,4544,0.7204,deplain_apa_doc,apa_lha,B1,B1
5018,4047,0.4656,deplain_apa_doc,apa_lha,B1,B1
5019,3396,0.563,deplain_apa_doc,apa_lha,B1,B1
5020,3484,0.4102,deplain_apa_doc,apa_lha,B1,B1
5021,3375,0.5297,deplain_apa_doc,apa_lha,B1,B1
5022,3442,0.5102,deplain_apa_doc,apa_lha,B1,B1
5023,3427,0.5608,deplain_apa_doc,apa_lha,B1,B1
5024,3331,0.3652,deplain_apa_doc,apa_lha,B1,B1
5025,3386,0.6713,deplain_apa_doc,apa_lha,B1,B1
5026,3508,0.6222,deplain_apa_doc,apa_lha,B1,B1
5027,3461,0.5381,deplain_apa_doc,apa_lha,B1,B1
5028,3327,0.4331,deplain_apa_doc,apa_lha,B1,B1
5029,4769,0.7551,deplain_apa_doc,apa_lha,B1,B1
5030,3049,0.4662,deplain_apa_doc,apa_lha,B1,A2
5031,3177,0.5215,deplain_apa_doc,apa_lha,B1,A2
5032,3288,0.5698,deplain_apa_doc,apa_lha,B1,B1
5033,3274,0.622,deplain_apa_doc,apa_lha,B1,B1
5034,3325,0.5396,deplain_apa_doc,apa_lha,B1,B1
5035,4773,0.431,deplain_apa_doc,apa_lha,B1,B1
5036,1913,0.4411,deplain_apa_doc,apa_lha,B1,A2
5037,3492,0.4631,deplain_apa_doc,apa_lha,B1,B1
5038,3439,0.6067,deplain_apa_doc,apa_lha,B1,B1
5039,4769,0.694,deplain_apa_doc,apa_lha,B1,B1
5040,3517,0.4576,deplain_apa_doc,apa_lha,B1,B1
5041,3400,0.7255,deplain_apa_doc,apa_lha,B1,B1
5042,4822,0.6229,deplain_apa_doc,apa_lha,B1,B1
5043,3299,0.5493,deplain_apa_doc,apa_lha,B1,B1
5044,3381,0.6421,deplain_apa_doc,apa_lha,B1,B1
5045,1751,0.5205,deplain_apa_doc,apa_lha,B1,A2
5046,3494,0.5789,deplain_apa_doc,apa_lha,B1,B1
5047,3335,0.6516,deplain_apa_doc,apa_lha,B1,B1
5048,3459,0.5185,deplain_apa_doc,apa_lha,B1,B1
5049,3452,0.3714,deplain_apa_doc,apa_lha,B1,B1
5050,3418,0.5155,deplain_apa_doc,apa_lha,B1,B1
5051,3959,0.3947,deplain_apa_doc,apa_lha,B1,B1
5052,3518,0.4628,deplain_apa_doc,apa_lha,B1,B1
5053,3354,0.5191,deplain_apa_doc,apa_lha,B1,B1
5054,4831,0.4574,deplain_apa_doc,apa_lha,B1,B1
5055,3260,0.4877,deplain_apa_doc,apa_lha,B1,A2
5056,3283,0.6858,deplain_apa_doc,apa_lha,B1,B1
5057,3429,0.6692,deplain_apa_doc,apa_lha,B1,B1
5058,4837,0.4845,deplain_apa_doc,apa_lha,B1,B1
5059,3466,0.509,deplain_apa_doc,apa_lha,B1,B1
5060,3269,0.4776,deplain_apa_doc,apa_lha,B1,A2
5061,4785,0.5192,deplain_apa_doc,apa_lha,B1,B1
5062,3260,0.4106,deplain_apa_doc,apa_lha,B1,A2
5063,3467,0.567,deplain_apa_doc,apa_lha,B1,B1
5064,3498,0.5483,deplain_apa_doc,apa_lha,B1,B1
5065,4785,0.5344,deplain_apa_doc,apa_lha,B1,B1
5066,4798,0.4864,deplain_apa_doc,apa_lha,B1,B1
5067,1639,0.5938,deplain_apa_doc,apa_lha,B1,A2
5068,3507,0.6176,deplain_apa_doc,apa_lha,B1,B1
5069,1770,0.4846,deplain_apa_doc,apa_lha,B1,A2
5070,3531,0.5317,deplain_apa_doc,apa_lha,B1,B1
5071,3418,0.5349,deplain_apa_doc,apa_lha,B1,B1
5072,1626,0.4015,deplain_apa_doc,apa_lha,B1,A2
5073,4777,0.5815,deplain_apa_doc,apa_lha,B1,B1
5074,3467,0.4198,deplain_apa_doc,apa_lha,B1,B1
5075,3282,0.7042,deplain_apa_doc,apa_lha,B1,B1
5076,4808,0.4319,deplain_apa_doc,apa_lha,B1,B1
5077,3412,0.5137,deplain_apa_doc,apa_lha,B1,B1
5078,3532,0.4293,deplain_apa_doc,apa_lha,B1,B1
5079,3494,0.4803,deplain_apa_doc,apa_lha,B1,B1
5080,3282,0.6325,deplain_apa_doc,apa_lha,B1,B1
5081,3523,0.5476,deplain_apa_doc,apa_lha,B1,B1
5082,2626,0.4574,deplain_apa_doc,apa_lha,B1,A2
5083,3282,0.4553,deplain_apa_doc,apa_lha,B1,B1
5084,3533,0.5227,deplain_apa_doc,apa_lha,B1,B1
5085,3312,0.5278,deplain_apa_doc,apa_lha,B1,B1
5086,1681,0.5828,deplain_apa_doc,apa_lha,B1,A2
5087,3941,0.4403,deplain_apa_doc,apa_lha,B1,B1
5088,1551,0.4365,deplain_apa_doc,apa_lha,B1,A2
5089,1702,0.4605,deplain_apa_doc,apa_lha,B1,A2
5090,3310,0.6526,deplain_apa_doc,apa_lha,B1,B1
5091,3404,0.5928,deplain_apa_doc,apa_lha,B1,B1
5092,3366,0.4699,deplain_apa_doc,apa_lha,B1,B1
5093,3404,0.4454,deplain_apa_doc,apa_lha,B1,B1
5094,2767,0.5018,deplain_apa_doc,apa_lha,B1,A2
5095,3304,0.5177,deplain_apa_doc,apa_lha,B1,B1
5096,4830,0.5062,deplain_apa_doc,apa_lha,B1,B1
5097,4830,0.4693,deplain_apa_doc,apa_lha,B1,B1
5098,3947,0.4323,deplain_apa_doc,apa_lha,B1,B1
5099,3527,0.6563,deplain_apa_doc,apa_lha,B1,B1
5100,3478,0.5008,deplain_apa_doc,apa_lha,B1,B1
5101,4804,0.3884,deplain_apa_doc,apa_lha,B1,B1
5102,2767,0.4653,deplain_apa_doc,apa_lha,B1,A2
5103,4775,0.5309,deplain_apa_doc,apa_lha,B1,B1
5104,3848,0.4471,deplain_apa_doc,apa_lha,B1,B1
5105,3941,0.4563,deplain_apa_doc,apa_lha,B1,B1
5106,3674,0.5429,deplain_apa_doc,apa_lha,B1,B1
5107,3623,0.5045,deplain_apa_doc,apa_lha,B1,B1
5108,3840,0.4443,deplain_apa_doc,apa_lha,B1,B1
5109,3942,0.586,deplain_apa_doc,apa_lha,B1,B1
5110,3548,0.7728,deplain_apa_doc,apa_lha,B1,B1
5111,3632,0.5276,deplain_apa_doc,apa_lha,B1,B1
5112,2026,0.4628,deplain_apa_doc,apa_lha,B1,A2
5113,1674,0.6044,deplain_apa_doc,apa_lha,B1,A2
5114,3941,0.5242,deplain_apa_doc,apa_lha,B1,B1
5115,3808,0.5263,deplain_apa_doc,apa_lha,B1,B1
5116,3641,0.6008,deplain_apa_doc,apa_lha,B1,B1
5117,3716,0.6539,deplain_apa_doc,apa_lha,B1,B1
5118,4506,0.4621,deplain_apa_doc,apa_lha,B1,B1
5119,3951,0.5989,deplain_apa_doc,apa_lha,B1,B1
5120,3596,0.5315,deplain_apa_doc,apa_lha,B1,B1
5121,3746,0.4869,deplain_apa_doc,apa_lha,B1,B1
5122,3731,0.4003,deplain_apa_doc,apa_lha,B1,B1
5123,3875,0.5036,deplain_apa_doc,apa_lha,B1,B1
5124,3899,0.5176,deplain_apa_doc,apa_lha,B1,B1
5125,3783,0.5307,deplain_apa_doc,apa_lha,B1,B1
5126,3551,0.6053,deplain_apa_doc,apa_lha,B1,B1
5127,3929,0.4942,deplain_apa_doc,apa_lha,B1,B1
5128,3636,0.4321,deplain_apa_doc,apa_lha,B1,B1
5129,3863,0.5688,deplain_apa_doc,apa_lha,B1,B1
5130,3652,0.5683,deplain_apa_doc,apa_lha,B1,B1
5131,3850,0.4171,deplain_apa_doc,apa_lha,B1,B1
5132,3288,0.5508,deplain_apa_doc,apa_lha,B1,B1
5133,3614,0.5067,deplain_apa_doc,apa_lha,B1,B1
5134,3685,0.5712,deplain_apa_doc,apa_lha,B1,B1
5135,3581,0.5995,deplain_apa_doc,apa_lha,B1,B1
5136,2329,0.3549,deplain_apa_doc,apa_lha,B1,A2
5137,3689,0.5065,deplain_apa_doc,apa_lha,B1,B1
5138,3800,0.7083,deplain_apa_doc,apa_lha,B1,B1
5139,3686,0.5075,deplain_apa_doc,apa_lha,B1,B1
5140,3828,0.4768,deplain_apa_doc,apa_lha,B1,B1
5141,3282,0.5076,deplain_apa_doc,apa_lha,B1,B1
5142,3866,0.5367,deplain_apa_doc,apa_lha,B1,B1
5143,3715,0.4626,deplain_apa_doc,apa_lha,B1,B1
5144,3620,0.5003,deplain_apa_doc,apa_lha,B1,B1
5145,3572,0.5491,deplain_apa_doc,apa_lha,B1,B1
5146,3788,0.5275,deplain_apa_doc,apa_lha,B1,B1
5147,3690,0.4623,deplain_apa_doc,apa_lha,B1,B1
5148,3898,0.4968,deplain_apa_doc,apa_lha,B1,B1
5149,3558,0.522,deplain_apa_doc,apa_lha,B1,B1
5150,3695,0.5379,deplain_apa_doc,apa_lha,B1,B1
5151,3928,0.4553,deplain_apa_doc,apa_lha,B1,B1
5152,3967,0.5939,deplain_apa_doc,apa_lha,B1,B1
5153,3598,0.5,deplain_apa_doc,apa_lha,B1,B1
5154,3661,0.5614,deplain_apa_doc,apa_lha,B1,B1
5155,3683,0.5614,deplain_apa_doc,apa_lha,B1,B1
5156,3648,0.5029,deplain_apa_doc,apa_lha,B1,B1
5157,2115,0.4536,deplain_apa_doc,apa_lha,B1,A2
5158,3680,0.4742,deplain_apa_doc,apa_lha,B1,B1
5159,3761,0.516,deplain_apa_doc,apa_lha,B1,B1
5160,3761,0.5252,deplain_apa_doc,apa_lha,B1,B1
5161,3634,0.4303,deplain_apa_doc,apa_lha,B1,B1
5162,2216,0.5876,deplain_apa_doc,apa_lha,B1,A2
5163,3894,0.4528,deplain_apa_doc,apa_lha,B1,B1
5164,3602,0.5959,deplain_apa_doc,apa_lha,B1,B1
5165,3761,0.4644,deplain_apa_doc,apa_lha,B1,B1
5166,4077,0.4084,deplain_apa_doc,apa_lha,B1,B1
5167,2232,0.4557,deplain_apa_doc,apa_lha,B1,A2
5168,3724,0.574,deplain_apa_doc,apa_lha,B1,B1
5169,3704,0.5358,deplain_apa_doc,apa_lha,B1,B1
5170,3615,0.5256,deplain_apa_doc,apa_lha,B1,B1
5171,3791,0.4569,deplain_apa_doc,apa_lha,B1,B1
5172,3775,0.4769,deplain_apa_doc,apa_lha,B1,B1
5173,3844,0.5812,deplain_apa_doc,apa_lha,B1,B1
5174,3742,0.4996,deplain_apa_doc,apa_lha,B1,B1
5175,3282,0.4888,deplain_apa_doc,apa_lha,B1,B1
5176,3427,0.4958,deplain_apa_doc,apa_lha,B1,B1
5177,3909,0.4449,deplain_apa_doc,apa_lha,B1,B1
5178,3879,0.4716,deplain_apa_doc,apa_lha,B1,B1
5179,3958,0.5557,deplain_apa_doc,apa_lha,B1,B1
5180,3974,0.5225,deplain_apa_doc,apa_lha,B1,B1
5181,3836,0.5744,deplain_apa_doc,apa_lha,B1,B1
5182,3566,0.6726,deplain_apa_doc,apa_lha,B1,B1
5183,3771,0.536,deplain_apa_doc,apa_lha,B1,B1
5184,3954,0.5798,deplain_apa_doc,apa_lha,B1,B1
5185,3741,0.4617,deplain_apa_doc,apa_lha,B1,B1
5186,3552,0.4906,deplain_apa_doc,apa_lha,B1,B1
5187,1994,0.5525,deplain_apa_doc,apa_lha,B1,A2
5188,2359,0.4382,deplain_apa_doc,apa_lha,B1,A2
5189,3777,0.524,deplain_apa_doc,apa_lha,B1,B1
5190,3544,0.4722,deplain_apa_doc,apa_lha,B1,B1
5191,3904,0.5422,deplain_apa_doc,apa_lha,B1,B1
5192,3556,0.5557,deplain_apa_doc,apa_lha,B1,B1
5193,3963,0.5441,deplain_apa_doc,apa_lha,B1,B1
5194,1941,0.469,deplain_apa_doc,apa_lha,B1,A2
5195,4609,0.4702,deplain_apa_doc,apa_lha,B1,B1
5196,3961,0.5198,deplain_apa_doc,apa_lha,B1,B1
5197,3555,0.4934,deplain_apa_doc,apa_lha,B1,B1
5198,3709,0.5661,deplain_apa_doc,apa_lha,B1,B1
5199,2094,0.4028,deplain_apa_doc,apa_lha,B1,A2
5200,3830,0.5024,deplain_apa_doc,apa_lha,B1,B1
5201,3381,0.5109,deplain_apa_doc,apa_lha,B1,B1
5202,2099,0.3818,deplain_apa_doc,apa_lha,B1,A2
5203,3736,0.5362,deplain_apa_doc,apa_lha,B1,B1
5204,3821,0.4887,deplain_apa_doc,apa_lha,B1,B1
5205,3811,0.4983,deplain_apa_doc,apa_lha,B1,B1
5206,3939,0.5215,deplain_apa_doc,apa_lha,B1,B1
5207,3692,0.5801,deplain_apa_doc,apa_lha,B1,B1
5208,3540,0.4939,deplain_apa_doc,apa_lha,B1,B1
5209,3664,0.4646,deplain_apa_doc,apa_lha,B1,B1
5210,3546,0.5846,deplain_apa_doc,apa_lha,B1,B1
5211,3658,0.4571,deplain_apa_doc,apa_lha,B1,B1
5212,3932,0.6911,deplain_apa_doc,apa_lha,B1,B1
5213,3703,0.4495,deplain_apa_doc,apa_lha,B1,B1
5214,3626,0.5321,deplain_apa_doc,apa_lha,B1,B1
5215,3721,0.538,deplain_apa_doc,apa_lha,B1,B1
5216,3948,0.4479,deplain_apa_doc,apa_lha,B1,B1
5217,3768,0.5316,deplain_apa_doc,apa_lha,B1,B1
5218,3947,0.5243,deplain_apa_doc,apa_lha,B1,B1
5219,3925,0.6216,deplain_apa_doc,apa_lha,B1,B1
5220,3819,0.5887,deplain_apa_doc,apa_lha,B1,B1
5221,3887,0.5399,deplain_apa_doc,apa_lha,B1,B1
5222,3870,0.5253,deplain_apa_doc,apa_lha,B1,B1
5223,3757,0.6071,deplain_apa_doc,apa_lha,B1,B1
5224,3907,0.5546,deplain_apa_doc,apa_lha,B1,B1
5225,3881,0.4923,deplain_apa_doc,apa_lha,B1,B1
5226,3884,0.5936,deplain_apa_doc,apa_lha,B1,B1
5227,3869,0.4806,deplain_apa_doc,apa_lha,B1,B1
5228,3546,0.5293,deplain_apa_doc,apa_lha,B1,B1
5229,3575,0.5163,deplain_apa_doc,apa_lha,B1,B1
5230,3883,0.5669,deplain_apa_doc,apa_lha,B1,B1
5231,3939,0.4186,deplain_apa_doc,apa_lha,B1,B1
5232,3538,0.5855,deplain_apa_doc,apa_lha,B1,B1
5233,3585,0.5019,deplain_apa_doc,apa_lha,B1,B1
5234,3628,0.5876,deplain_apa_doc,apa_lha,B1,B1
5235,3546,0.4777,deplain_apa_doc,apa_lha,B1,B1
5236,2261,0.4437,deplain_apa_doc,apa_lha,B1,A2
5237,3589,0.5324,deplain_apa_doc,apa_lha,B1,B1
5238,2321,0.4633,deplain_apa_doc,apa_lha,B1,A2
5239,3593,0.5905,deplain_apa_doc,apa_lha,B1,B1
5240,3608,0.6422,deplain_apa_doc,apa_lha,B1,B1
5241,3860,0.5256,deplain_apa_doc,apa_lha,B1,B1
5242,3611,0.5147,deplain_apa_doc,apa_lha,B1,B1
5243,3068,0.59,deplain_apa_doc,apa_lha,B1,A2
5244,3751,0.4789,deplain_apa_doc,apa_lha,B1,B1
5245,1671,0.3052,deplain_apa_doc,apa_lha,B1,A2
5246,3678,0.4058,deplain_apa_doc,apa_lha,B1,B1
5247,3666,0.4681,deplain_apa_doc,apa_lha,B1,B1
5248,3901,0.4735,deplain_apa_doc,apa_lha,B1,B1
5249,3697,0.599,deplain_apa_doc,apa_lha,B1,B1
5250,2322,0.4445,deplain_apa_doc,apa_lha,B1,A2
5251,2161,0.4005,deplain_apa_doc,apa_lha,B1,A2
5252,3747,0.4449,deplain_apa_doc,apa_lha,B1,B1
5253,2115,0.4617,deplain_apa_doc,apa_lha,B1,A2
5254,3570,0.45,deplain_apa_doc,apa_lha,B1,B1
5255,3929,0.4489,deplain_apa_doc,apa_lha,B1,B1
5256,4077,0.4643,deplain_apa_doc,apa_lha,B1,B1
5257,3945,0.4934,deplain_apa_doc,apa_lha,B1,B1
5258,1559,0.4788,deplain_apa_doc,apa_lha,B1,A2
5259,2430,0.4563,deplain_apa_doc,apa_lha,B1,A2
5260,1901,0.3504,deplain_apa_doc,apa_lha,B1,A2
5261,3678,0.398,deplain_apa_doc,apa_lha,B1,B1
5262,3819,0.5751,deplain_apa_doc,apa_lha,B1,B1
5263,3916,0.6158,deplain_apa_doc,apa_lha,B1,B1
5264,3891,0.4879,deplain_apa_doc,apa_lha,B1,B1
5265,4058,0.6054,deplain_apa_doc,apa_lha,B1,B1
5266,4003,0.5542,deplain_apa_doc,apa_lha,B1,B1
5267,4077,0.5286,deplain_apa_doc,apa_lha,B1,B1
5268,3986,0.4577,deplain_apa_doc,apa_lha,B1,B1
5269,3756,0.4259,deplain_apa_doc,apa_lha,B1,B1
5270,4014,0.4573,deplain_apa_doc,apa_lha,B1,B1
5271,4047,0.5441,deplain_apa_doc,apa_lha,B1,B1
5272,4067,0.589,deplain_apa_doc,apa_lha,B1,B1
5273,4051,0.5587,deplain_apa_doc,apa_lha,B1,B1
5274,3994,0.4812,deplain_apa_doc,apa_lha,B1,B1
5275,2479,0.4329,deplain_apa_doc,apa_lha,B1,A2
5276,2446,0.4717,deplain_apa_doc,apa_lha,B1,A2
5277,3989,0.5012,deplain_apa_doc,apa_lha,B1,B1
5278,4086,0.5797,deplain_apa_doc,apa_lha,B1,B1
5279,2386,0.656,deplain_apa_doc,apa_lha,B1,A2
5280,2430,0.5536,deplain_apa_doc,apa_lha,B1,A2
5281,4030,0.5136,deplain_apa_doc,apa_lha,B1,B1
5282,4097,0.5804,deplain_apa_doc,apa_lha,B1,B1
5283,4017,0.4794,deplain_apa_doc,apa_lha,B1,B1
5284,3999,0.5435,deplain_apa_doc,apa_lha,B1,B1
5285,4048,0.6377,deplain_apa_doc,apa_lha,B1,B1
5286,4027,0.3762,deplain_apa_doc,apa_lha,B1,B1
5287,4067,0.5126,deplain_apa_doc,apa_lha,B1,B1
5288,3049,0.4059,deplain_apa_doc,apa_lha,B1,A2
5289,4024,0.5391,deplain_apa_doc,apa_lha,B1,B1
5290,3993,0.5468,deplain_apa_doc,apa_lha,B1,B1
5291,4004,0.4829,deplain_apa_doc,apa_lha,B1,B1
5292,4033,0.3834,deplain_apa_doc,apa_lha,B1,B1
5293,4055,0.5352,deplain_apa_doc,apa_lha,B1,B1
5294,4094,0.5511,deplain_apa_doc,apa_lha,B1,B1
5295,4061,0.4635,deplain_apa_doc,apa_lha,B1,B1
5296,4069,0.4695,deplain_apa_doc,apa_lha,B1,B1
5297,4041,0.4781,deplain_apa_doc,apa_lha,B1,B1
5298,2393,0.4479,deplain_apa_doc,apa_lha,B1,A2
5299,4072,0.5491,deplain_apa_doc,apa_lha,B1,B1
5300,3985,0.5325,deplain_apa_doc,apa_lha,B1,B1
5301,2042,0.3864,deplain_apa_doc,apa_lha,B1,A2
5302,4064,0.4388,deplain_apa_doc,apa_lha,B1,B1
5303,4089,0.5231,deplain_apa_doc,apa_lha,B1,B1
5304,4083,0.6305,deplain_apa_doc,apa_lha,B1,B1
5305,3507,0.4683,deplain_apa_doc,apa_lha,B1,B1
5306,4062,0.5912,deplain_apa_doc,apa_lha,B1,B1
5307,4081,0.5529,deplain_apa_doc,apa_lha,B1,B1
5308,2530,0.4134,deplain_apa_doc,apa_lha,B1,A2
5309,3580,0.4249,deplain_apa_doc,apa_lha,B1,B1
5310,4435,0.509,deplain_apa_doc,apa_lha,B1,B1
5311,3941,0.1743,deplain_apa_doc,apa_lha,B1,B1
5312,4482,0.3511,deplain_apa_doc,apa_lha,B1,B1
5313,3991,0.4011,deplain_apa_doc,apa_lha,B1,B1
5314,3929,0.4397,deplain_apa_doc,apa_lha,B1,B1
5315,2052,0.3197,deplain_apa_doc,apa_lha,B1,A2
5316,2261,0.3556,deplain_apa_doc,apa_lha,B1,A2
5317,4055,0.3045,deplain_apa_doc,apa_lha,B1,B1
5318,2004,0.3497,deplain_apa_doc,apa_lha,B1,A2
5319,3288,0.5368,deplain_apa_doc,apa_lha,B1,B1
5320,2386,0.4901,deplain_apa_doc,apa_lha,B1,A2
5321,4737,0.4371,deplain_apa_doc,apa_lha,B1,B1
5322,2763,0.4967,deplain_apa_doc,apa_lha,A2,A2
5323,2665,0.6264,deplain_apa_doc,apa_lha,A2,A2
5324,3076,0.8183,deplain_apa_doc,apa_lha,A2,A2
5325,3624,0.3913,deplain_apa_doc,apa_lha,A2,B1
5326,2920,0.6082,deplain_apa_doc,apa_lha,A2,A2
5327,2893,0.5622,deplain_apa_doc,apa_lha,A2,A2
5328,2703,0.5902,deplain_apa_doc,apa_lha,A2,A2
5329,2886,0.511,deplain_apa_doc,apa_lha,A2,A2
5330,2934,0.7358,deplain_apa_doc,apa_lha,A2,A2
5331,3032,0.5514,deplain_apa_doc,apa_lha,A2,A2
5332,1750,0.5179,deplain_apa_doc,apa_lha,A2,A2
5333,2379,0.427,deplain_apa_doc,apa_lha,A2,A2
5334,2754,0.4933,deplain_apa_doc,apa_lha,A2,A2
5335,2744,0.5141,deplain_apa_doc,apa_lha,A2,A2
5336,2744,0.4488,deplain_apa_doc,apa_lha,A2,A2
5337,3000,0.5266,deplain_apa_doc,apa_lha,A2,A2
5338,3115,0.6305,deplain_apa_doc,apa_lha,A2,A2
5339,4327,0.6106,deplain_apa_doc,apa_lha,A2,B1
5340,2744,0.5884,deplain_apa_doc,apa_lha,A2,A2
5341,2923,0.5612,deplain_apa_doc,apa_lha,A2,A2
5342,2847,0.666,deplain_apa_doc,apa_lha,A2,A2
5343,4375,0.4033,deplain_apa_doc,apa_lha,A2,B1
5344,2857,0.5996,deplain_apa_doc,apa_lha,A2,A2
5345,3115,0.7003,deplain_apa_doc,apa_lha,A2,A2
5346,2731,0.4529,deplain_apa_doc,apa_lha,A2,A2
5347,2740,0.6581,deplain_apa_doc,apa_lha,A2,A2
5348,4762,0.5371,deplain_apa_doc,apa_lha,A2,B1
5349,2934,0.6625,deplain_apa_doc,apa_lha,A2,A2
5350,2636,0.6238,deplain_apa_doc,apa_lha,A2,A2
5351,2790,0.495,deplain_apa_doc,apa_lha,A2,A2
5352,3167,0.5285,deplain_apa_doc,apa_lha,A2,A2
5353,2954,0.5432,deplain_apa_doc,apa_lha,A2,A2
5354,1978,0.4094,deplain_apa_doc,apa_lha,A2,A2
5355,2956,0.6842,deplain_apa_doc,apa_lha,A2,A2
5356,3091,0.5069,deplain_apa_doc,apa_lha,A2,A2
5357,2820,0.4392,deplain_apa_doc,apa_lha,A2,A2
5358,2664,0.5685,deplain_apa_doc,apa_lha,A2,A2
5359,3134,0.5733,deplain_apa_doc,apa_lha,A2,A2
5360,2310,0.4482,deplain_apa_doc,apa_lha,A2,A2
5361,3135,0.6117,deplain_apa_doc,apa_lha,A2,A2
5362,2785,0.6739,deplain_apa_doc,apa_lha,A2,A2
5363,3082,0.4726,deplain_apa_doc,apa_lha,A2,A2
5364,4327,0.6493,deplain_apa_doc,apa_lha,A2,B1
5365,3092,0.5581,deplain_apa_doc,apa_lha,A2,A2
5366,4702,0.6672,deplain_apa_doc,apa_lha,A2,B1
5367,2908,0.5634,deplain_apa_doc,apa_lha,A2,A2
5368,3128,0.589,deplain_apa_doc,apa_lha,A2,A2
5369,1570,0.4531,deplain_apa_doc,apa_lha,A2,A2
5370,1875,0.7021,deplain_apa_doc,apa_lha,A2,A2
5371,4452,0.5469,deplain_apa_doc,apa_lha,A2,B1
5372,4707,0.4372,deplain_apa_doc,apa_lha,A2,B1
5373,3137,0.516,deplain_apa_doc,apa_lha,A2,A2
5374,3215,0.5963,deplain_apa_doc,apa_lha,A2,A2
5375,4627,0.6011,deplain_apa_doc,apa_lha,A2,B1
5376,3120,0.6398,deplain_apa_doc,apa_lha,A2,A2
5377,2922,0.6917,deplain_apa_doc,apa_lha,A2,A2
5378,2824,0.4395,deplain_apa_doc,apa_lha,A2,A2
5379,2863,0.425,deplain_apa_doc,apa_lha,A2,A2
5380,3049,0.6363,deplain_apa_doc,apa_lha,A2,A2
5381,2323,0.709,deplain_apa_doc,apa_lha,A2,A2
5382,3063,0.6781,deplain_apa_doc,apa_lha,A2,A2
5383,4733,0.464,deplain_apa_doc,apa_lha,A2,B1
5384,2899,0.4968,deplain_apa_doc,apa_lha,A2,A2
5385,2762,0.5979,deplain_apa_doc,apa_lha,A2,A2
5386,3983,0.4084,deplain_apa_doc,apa_lha,A2,B1
5387,3059,0.6525,deplain_apa_doc,apa_lha,A2,A2
5388,2677,0.557,deplain_apa_doc,apa_lha,A2,A2
5389,2047,0.3844,deplain_apa_doc,apa_lha,A2,A2
5390,2910,0.5907,deplain_apa_doc,apa_lha,A2,A2
5391,2649,0.4196,deplain_apa_doc,apa_lha,A2,A2
5392,4657,0.5914,deplain_apa_doc,apa_lha,A2,B1
5393,2231,0.6067,deplain_apa_doc,apa_lha,A2,A2
5394,3463,0.4452,deplain_apa_doc,apa_lha,A2,B1
5395,4344,0.4501,deplain_apa_doc,apa_lha,A2,B1
5396,3035,0.5121,deplain_apa_doc,apa_lha,A2,A2
5397,3103,0.4786,deplain_apa_doc,apa_lha,A2,A2
5398,2674,0.5875,deplain_apa_doc,apa_lha,A2,A2
5399,2846,0.6594,deplain_apa_doc,apa_lha,A2,A2
5400,3035,0.6302,deplain_apa_doc,apa_lha,A2,A2
5401,4079,0.3701,deplain_apa_doc,apa_lha,A2,B1
5402,3155,0.5778,deplain_apa_doc,apa_lha,A2,A2
5403,3044,0.3961,deplain_apa_doc,apa_lha,A2,A2
5404,3035,0.6775,deplain_apa_doc,apa_lha,A2,A2
5405,2876,0.4793,deplain_apa_doc,apa_lha,A2,A2
5406,2922,0.6912,deplain_apa_doc,apa_lha,A2,A2
5407,3035,0.6322,deplain_apa_doc,apa_lha,A2,A2
5408,2925,0.6874,deplain_apa_doc,apa_lha,A2,A2
5409,4727,0.3693,deplain_apa_doc,apa_lha,A2,B1
5410,2693,0.5985,deplain_apa_doc,apa_lha,A2,A2
5411,2912,0.6411,deplain_apa_doc,apa_lha,A2,A2
5412,2948,0.5135,deplain_apa_doc,apa_lha,A2,A2
5413,2861,0.4499,deplain_apa_doc,apa_lha,A2,A2
5414,2563,0.5388,deplain_apa_doc,apa_lha,A2,A2
5415,3037,0.4559,deplain_apa_doc,apa_lha,A2,A2
5416,3035,0.6787,deplain_apa_doc,apa_lha,A2,A2
5417,2682,0.5271,deplain_apa_doc,apa_lha,A2,A2
5418,4609,0.5064,deplain_apa_doc,apa_lha,A2,B1
5419,1596,0.5124,deplain_apa_doc,apa_lha,A2,A2
5420,2912,0.7163,deplain_apa_doc,apa_lha,A2,A2
5421,2950,0.5357,deplain_apa_doc,apa_lha,A2,A2
5422,2717,0.6006,deplain_apa_doc,apa_lha,A2,A2
5423,3008,0.5462,deplain_apa_doc,apa_lha,A2,A2
5424,4324,0.491,deplain_apa_doc,apa_lha,A2,B1
5425,2359,0.3931,deplain_apa_doc,apa_lha,A2,A2
5426,1685,0.6802,deplain_apa_doc,apa_lha,A2,A2
5427,2359,0.4573,deplain_apa_doc,apa_lha,A2,A2
5428,4666,0.3863,deplain_apa_doc,apa_lha,A2,B1
5429,4655,0.4254,deplain_apa_doc,apa_lha,A2,B1
5430,2872,0.6058,deplain_apa_doc,apa_lha,A2,A2
5431,4280,0.6318,deplain_apa_doc,apa_lha,A2,B1
5432,2950,0.5884,deplain_apa_doc,apa_lha,A2,A2
5433,2799,0.4674,deplain_apa_doc,apa_lha,A2,A2
5434,1632,0.3827,deplain_apa_doc,apa_lha,A2,A2
5435,2740,0.4564,deplain_apa_doc,apa_lha,A2,A2
5436,2916,0.5738,deplain_apa_doc,apa_lha,A2,A2
5437,2663,0.4828,deplain_apa_doc,apa_lha,A2,A2
5438,2646,0.4817,deplain_apa_doc,apa_lha,A2,A2
5439,2613,0.5214,deplain_apa_doc,apa_lha,A2,A2
5440,3095,0.5811,deplain_apa_doc,apa_lha,A2,A2
5441,4463,0.3657,deplain_apa_doc,apa_lha,A2,B1
5442,4366,0.5065,deplain_apa_doc,apa_lha,A2,B1
5443,2836,0.4657,deplain_apa_doc,apa_lha,A2,A2
5444,3048,0.5308,deplain_apa_doc,apa_lha,A2,A2
5445,2944,0.5162,deplain_apa_doc,apa_lha,A2,A2
5446,3160,0.5343,deplain_apa_doc,apa_lha,A2,A2
5447,2749,0.5662,deplain_apa_doc,apa_lha,A2,A2
5448,4600,0.5659,deplain_apa_doc,apa_lha,A2,B1
5449,2919,0.5275,deplain_apa_doc,apa_lha,A2,A2
5450,2658,0.6334,deplain_apa_doc,apa_lha,A2,A2
5451,1559,0.498,deplain_apa_doc,apa_lha,A2,A2
5452,2734,0.5456,deplain_apa_doc,apa_lha,A2,A2
5453,2618,0.4812,deplain_apa_doc,apa_lha,A2,A2
5454,3013,0.4794,deplain_apa_doc,apa_lha,A2,A2
5455,2933,0.4712,deplain_apa_doc,apa_lha,A2,A2
5456,3097,0.6271,deplain_apa_doc,apa_lha,A2,A2
5457,3111,0.5743,deplain_apa_doc,apa_lha,A2,A2
5458,3206,0.553,deplain_apa_doc,apa_lha,A2,A2
5459,2810,0.7063,deplain_apa_doc,apa_lha,A2,A2
5460,4560,0.5238,deplain_apa_doc,apa_lha,A2,B1
5461,2879,0.5155,deplain_apa_doc,apa_lha,A2,A2
5462,2848,0.4358,deplain_apa_doc,apa_lha,A2,A2
5463,2426,0.4488,deplain_apa_doc,apa_lha,A2,A2
5464,2713,0.4448,deplain_apa_doc,apa_lha,A2,A2
5465,1709,0.505,deplain_apa_doc,apa_lha,A2,A2
5466,1562,0.624,deplain_apa_doc,apa_lha,A2,A2
5467,3180,0.4747,deplain_apa_doc,apa_lha,A2,A2
5468,1817,0.4516,deplain_apa_doc,apa_lha,A2,A2
5469,1686,0.4896,deplain_apa_doc,apa_lha,A2,A2
5470,4327,0.4746,deplain_apa_doc,apa_lha,A2,B1
5471,1734,0.5774,deplain_apa_doc,apa_lha,A2,A2
5472,4208,0.5005,deplain_apa_doc,apa_lha,A2,B1
5473,3068,0.4841,deplain_apa_doc,apa_lha,A2,A2
5474,3241,0.5841,deplain_apa_doc,apa_lha,A2,A2
5475,1545,0.6027,deplain_apa_doc,apa_lha,A2,A2
5476,1663,0.6352,deplain_apa_doc,apa_lha,A2,A2
5477,3471,0.4585,deplain_apa_doc,apa_lha,A2,B1
5478,1624,0.3964,deplain_apa_doc,apa_lha,A2,A2
5479,1579,0.4477,deplain_apa_doc,apa_lha,A2,A2
5480,1819,0.502,deplain_apa_doc,apa_lha,A2,A2
5481,3210,0.4824,deplain_apa_doc,apa_lha,A2,A2
5482,3279,0.4424,deplain_apa_doc,apa_lha,A2,B1
5483,1717,0.4934,deplain_apa_doc,apa_lha,A2,A2
5484,3443,0.4919,deplain_apa_doc,apa_lha,A2,B1
5485,1717,0.5488,deplain_apa_doc,apa_lha,A2,A2
5486,1795,0.4839,deplain_apa_doc,apa_lha,A2,A2
5487,3217,0.5205,deplain_apa_doc,apa_lha,A2,A2
5488,1789,0.4957,deplain_apa_doc,apa_lha,A2,A2
5489,1545,0.7258,deplain_apa_doc,apa_lha,A2,A2
5490,3358,0.4807,deplain_apa_doc,apa_lha,A2,B1
5491,3200,0.4744,deplain_apa_doc,apa_lha,A2,A2
5492,1572,0.4323,deplain_apa_doc,apa_lha,A2,A2
5493,1656,0.5833,deplain_apa_doc,apa_lha,A2,A2
5494,1603,0.423,deplain_apa_doc,apa_lha,A2,A2
5495,2956,0.5113,deplain_apa_doc,apa_lha,A2,A2
5496,1761,0.5034,deplain_apa_doc,apa_lha,A2,A2
5497,1591,0.6688,deplain_apa_doc,apa_lha,A2,A2
5498,1619,0.6762,deplain_apa_doc,apa_lha,A2,A2
5499,1730,0.4557,deplain_apa_doc,apa_lha,A2,A2
5500,4544,0.7491,deplain_apa_doc,apa_lha,A2,B1
5501,2471,0.5022,deplain_apa_doc,apa_lha,A2,A2
5502,3394,0.4703,deplain_apa_doc,apa_lha,A2,B1
5503,1652,0.4672,deplain_apa_doc,apa_lha,A2,A2
5504,1667,0.555,deplain_apa_doc,apa_lha,A2,A2
5505,1737,0.5703,deplain_apa_doc,apa_lha,A2,A2
5506,1723,0.6017,deplain_apa_doc,apa_lha,A2,A2
5507,1606,0.3534,deplain_apa_doc,apa_lha,A2,A2
5508,3386,0.5427,deplain_apa_doc,apa_lha,A2,B1
5509,1766,0.4647,deplain_apa_doc,apa_lha,A2,A2
5510,1766,0.5709,deplain_apa_doc,apa_lha,A2,A2
5511,1600,0.4837,deplain_apa_doc,apa_lha,A2,A2
5512,2767,0.7377,deplain_apa_doc,apa_lha,A2,A2
5513,3049,0.5652,deplain_apa_doc,apa_lha,A2,A2
5514,3177,0.5762,deplain_apa_doc,apa_lha,A2,A2
5515,1559,0.5404,deplain_apa_doc,apa_lha,A2,A2
5516,3274,0.5903,deplain_apa_doc,apa_lha,A2,B1
5517,1599,0.4953,deplain_apa_doc,apa_lha,A2,A2
5518,3185,0.387,deplain_apa_doc,apa_lha,A2,A2
5519,3195,0.4739,deplain_apa_doc,apa_lha,A2,A2
5520,1802,0.4238,deplain_apa_doc,apa_lha,A2,A2
5521,1697,0.5603,deplain_apa_doc,apa_lha,A2,A2
5522,1649,0.6826,deplain_apa_doc,apa_lha,A2,A2
5523,1834,0.4845,deplain_apa_doc,apa_lha,A2,A2
5524,1697,0.7913,deplain_apa_doc,apa_lha,A2,A2
5525,3249,0.6341,deplain_apa_doc,apa_lha,A2,A2
5526,1569,0.583,deplain_apa_doc,apa_lha,A2,A2
5527,3381,0.572,deplain_apa_doc,apa_lha,A2,B1
5528,1751,0.5703,deplain_apa_doc,apa_lha,A2,A2
5529,1748,0.5088,deplain_apa_doc,apa_lha,A2,A2
5530,1615,0.6733,deplain_apa_doc,apa_lha,A2,A2
5531,1762,0.5564,deplain_apa_doc,apa_lha,A2,A2
5532,1753,0.3486,deplain_apa_doc,apa_lha,A2,A2
5533,1559,0.5246,deplain_apa_doc,apa_lha,A2,A2
5534,4636,0.451,deplain_apa_doc,apa_lha,A2,B1
5535,1838,0.6045,deplain_apa_doc,apa_lha,A2,A2
5536,2048,0.5729,deplain_apa_doc,apa_lha,A2,A2
5537,3260,0.4597,deplain_apa_doc,apa_lha,A2,A2
5538,3260,0.4881,deplain_apa_doc,apa_lha,A2,A2
5539,1551,0.6803,deplain_apa_doc,apa_lha,A2,A2
5540,1726,0.5368,deplain_apa_doc,apa_lha,A2,A2
5541,3269,0.5252,deplain_apa_doc,apa_lha,A2,A2
5542,1772,0.5643,deplain_apa_doc,apa_lha,A2,A2
5543,3269,0.5167,deplain_apa_doc,apa_lha,A2,A2
5544,3205,0.5216,deplain_apa_doc,apa_lha,A2,A2
5545,1814,0.5341,deplain_apa_doc,apa_lha,A2,A2
5546,1775,0.5254,deplain_apa_doc,apa_lha,A2,A2
5547,1639,0.5308,deplain_apa_doc,apa_lha,A2,A2
5548,3260,0.5614,deplain_apa_doc,apa_lha,A2,A2
5549,3221,0.4747,deplain_apa_doc,apa_lha,A2,A2
5550,1639,0.6278,deplain_apa_doc,apa_lha,A2,A2
5551,3505,0.5755,deplain_apa_doc,apa_lha,A2,B1
5552,3260,0.4966,deplain_apa_doc,apa_lha,A2,A2
5553,1855,0.5988,deplain_apa_doc,apa_lha,A2,A2
5554,1559,0.5441,deplain_apa_doc,apa_lha,A2,A2
5555,1626,0.4919,deplain_apa_doc,apa_lha,A2,A2
5556,4778,0.4958,deplain_apa_doc,apa_lha,A2,B1
5557,1814,0.459,deplain_apa_doc,apa_lha,A2,A2
5558,1551,0.6112,deplain_apa_doc,apa_lha,A2,A2
5559,3230,0.5088,deplain_apa_doc,apa_lha,A2,A2
5560,2482,0.4857,deplain_apa_doc,apa_lha,A2,A2
5561,2414,0.3407,deplain_apa_doc,apa_lha,A2,A2
5562,3230,0.5136,deplain_apa_doc,apa_lha,A2,A2
5563,1831,0.5665,deplain_apa_doc,apa_lha,A2,A2
5564,1843,0.5605,deplain_apa_doc,apa_lha,A2,A2
5565,1593,0.5241,deplain_apa_doc,apa_lha,A2,A2
5566,3260,0.4545,deplain_apa_doc,apa_lha,A2,A2
5567,1859,0.5116,deplain_apa_doc,apa_lha,A2,A2
5568,1589,0.4499,deplain_apa_doc,apa_lha,A2,A2
5569,1681,0.6141,deplain_apa_doc,apa_lha,A2,A2
5570,2125,0.4866,deplain_apa_doc,apa_lha,A2,A2
5571,2356,0.4861,deplain_apa_doc,apa_lha,A2,A2
5572,1851,0.4434,deplain_apa_doc,apa_lha,A2,A2
5573,1585,0.6558,deplain_apa_doc,apa_lha,A2,A2
5574,1700,0.5844,deplain_apa_doc,apa_lha,A2,A2
5575,2356,0.5085,deplain_apa_doc,apa_lha,A2,A2
5576,1700,0.4642,deplain_apa_doc,apa_lha,A2,A2
5577,3211,0.4336,deplain_apa_doc,apa_lha,A2,A2
5578,1578,0.5589,deplain_apa_doc,apa_lha,A2,A2
5579,3257,0.54,deplain_apa_doc,apa_lha,A2,A2
5580,3257,0.529,deplain_apa_doc,apa_lha,A2,A2
5581,3238,0.4438,deplain_apa_doc,apa_lha,A2,A2
5582,3527,0.5269,deplain_apa_doc,apa_lha,A2,B1
5583,3478,0.4649,deplain_apa_doc,apa_lha,A2,B1
5584,3381,0.4133,deplain_apa_doc,apa_lha,A2,B1
5585,2744,0.4909,deplain_apa_doc,apa_lha,A2,A2
5586,3187,0.4714,deplain_apa_doc,apa_lha,A2,A2
5587,2229,0.4486,deplain_apa_doc,apa_lha,A2,A2
5588,2173,0.5257,deplain_apa_doc,apa_lha,A2,A2
5589,2032,0.5492,deplain_apa_doc,apa_lha,A2,A2
5590,2131,0.4292,deplain_apa_doc,apa_lha,A2,A2
5591,2223,0.3699,deplain_apa_doc,apa_lha,A2,A2
5592,3942,0.5315,deplain_apa_doc,apa_lha,A2,B1
5593,1875,0.7637,deplain_apa_doc,apa_lha,A2,A2
5594,1980,0.5812,deplain_apa_doc,apa_lha,A2,A2
5595,2026,0.5407,deplain_apa_doc,apa_lha,A2,A2
5596,2367,0.6665,deplain_apa_doc,apa_lha,A2,A2
5597,2356,0.5426,deplain_apa_doc,apa_lha,A2,A2
5598,2190,0.5155,deplain_apa_doc,apa_lha,A2,A2
5599,1989,0.6522,deplain_apa_doc,apa_lha,A2,A2
5600,2076,0.5808,deplain_apa_doc,apa_lha,A2,A2
5601,4506,0.4693,deplain_apa_doc,apa_lha,A2,B1
5602,2367,0.5781,deplain_apa_doc,apa_lha,A2,A2
5603,3381,0.4285,deplain_apa_doc,apa_lha,A2,B1
5604,2110,0.4867,deplain_apa_doc,apa_lha,A2,A2
5605,2087,0.3871,deplain_apa_doc,apa_lha,A2,A2
5606,2269,0.4267,deplain_apa_doc,apa_lha,A2,A2
5607,2254,0.5674,deplain_apa_doc,apa_lha,A2,A2
5608,2158,0.485,deplain_apa_doc,apa_lha,A2,A2
5609,1879,0.4986,deplain_apa_doc,apa_lha,A2,A2
5610,2344,0.5113,deplain_apa_doc,apa_lha,A2,A2
5611,1985,0.4808,deplain_apa_doc,apa_lha,A2,A2
5612,2254,0.6129,deplain_apa_doc,apa_lha,A2,A2
5613,2005,0.4843,deplain_apa_doc,apa_lha,A2,A2
5614,2238,0.4293,deplain_apa_doc,apa_lha,A2,A2
5615,1559,0.5731,deplain_apa_doc,apa_lha,A2,A2
5616,1959,0.5707,deplain_apa_doc,apa_lha,A2,A2
5617,2046,0.6012,deplain_apa_doc,apa_lha,A2,A2
5618,1912,0.5163,deplain_apa_doc,apa_lha,A2,A2
5619,2331,0.482,deplain_apa_doc,apa_lha,A2,A2
5620,3689,0.4821,deplain_apa_doc,apa_lha,A2,B1
5621,3800,0.6301,deplain_apa_doc,apa_lha,A2,B1
5622,2046,0.5686,deplain_apa_doc,apa_lha,A2,A2
5623,2206,0.5893,deplain_apa_doc,apa_lha,A2,A2
5624,2153,0.5281,deplain_apa_doc,apa_lha,A2,A2
5625,2255,0.5002,deplain_apa_doc,apa_lha,A2,A2
5626,2073,0.4334,deplain_apa_doc,apa_lha,A2,A2
5627,1964,0.4859,deplain_apa_doc,apa_lha,A2,A2
5628,1907,0.4917,deplain_apa_doc,apa_lha,A2,A2
5629,2163,0.4434,deplain_apa_doc,apa_lha,A2,A2
5630,2049,0.4643,deplain_apa_doc,apa_lha,A2,A2
5631,2301,0.4977,deplain_apa_doc,apa_lha,A2,A2
5632,2056,0.6084,deplain_apa_doc,apa_lha,A2,A2
5633,2055,0.649,deplain_apa_doc,apa_lha,A2,A2
5634,2340,0.4854,deplain_apa_doc,apa_lha,A2,A2
5635,2379,0.5511,deplain_apa_doc,apa_lha,A2,A2
5636,1939,0.4234,deplain_apa_doc,apa_lha,A2,A2
5637,2013,0.5609,deplain_apa_doc,apa_lha,A2,A2
5638,2042,0.5682,deplain_apa_doc,apa_lha,A2,A2
5639,2001,0.6,deplain_apa_doc,apa_lha,A2,A2
5640,2115,0.4507,deplain_apa_doc,apa_lha,A2,A2
5641,3680,0.4702,deplain_apa_doc,apa_lha,A2,B1
5642,1950,0.5037,deplain_apa_doc,apa_lha,A2,A2
5643,2130,0.3936,deplain_apa_doc,apa_lha,A2,A2
5644,2232,0.4583,deplain_apa_doc,apa_lha,A2,A2
5645,2216,0.5252,deplain_apa_doc,apa_lha,A2,A2
5646,2296,0.4184,deplain_apa_doc,apa_lha,A2,A2
5647,1945,0.5426,deplain_apa_doc,apa_lha,A2,A2
5648,3761,0.4743,deplain_apa_doc,apa_lha,A2,B1
5649,2115,0.4073,deplain_apa_doc,apa_lha,A2,A2
5650,2232,0.5728,deplain_apa_doc,apa_lha,A2,A2
5651,2082,0.5874,deplain_apa_doc,apa_lha,A2,A2
5652,3704,0.5632,deplain_apa_doc,apa_lha,A2,B1
5653,1962,0.4961,deplain_apa_doc,apa_lha,A2,A2
5654,2940,0.4726,deplain_apa_doc,apa_lha,A2,A2
5655,4611,0.4731,deplain_apa_doc,apa_lha,A2,B1
5656,3844,0.5453,deplain_apa_doc,apa_lha,A2,B1
5657,2104,0.5893,deplain_apa_doc,apa_lha,A2,A2
5658,2240,0.4973,deplain_apa_doc,apa_lha,A2,A2
5659,1723,0.5164,deplain_apa_doc,apa_lha,A2,A2
5660,3910,0.4344,deplain_apa_doc,apa_lha,A2,B1
5661,2271,0.4096,deplain_apa_doc,apa_lha,A2,A2
5662,2372,0.534,deplain_apa_doc,apa_lha,A2,A2
5663,2382,0.5461,deplain_apa_doc,apa_lha,A2,A2
5664,2219,0.5191,deplain_apa_doc,apa_lha,A2,A2
5665,1994,0.5001,deplain_apa_doc,apa_lha,A2,A2
5666,2140,0.4717,deplain_apa_doc,apa_lha,A2,A2
5667,2370,0.6026,deplain_apa_doc,apa_lha,A2,A2
5668,2099,0.4783,deplain_apa_doc,apa_lha,A2,A2
5669,2942,0.5543,deplain_apa_doc,apa_lha,A2,A2
5670,1994,0.6293,deplain_apa_doc,apa_lha,A2,A2
5671,2029,0.4618,deplain_apa_doc,apa_lha,A2,A2
5672,3777,0.3998,deplain_apa_doc,apa_lha,A2,B1
5673,1868,0.477,deplain_apa_doc,apa_lha,A2,A2
5674,2311,0.4519,deplain_apa_doc,apa_lha,A2,A2
5675,1888,0.5576,deplain_apa_doc,apa_lha,A2,A2
5676,2376,0.5477,deplain_apa_doc,apa_lha,A2,A2
5677,1941,0.5541,deplain_apa_doc,apa_lha,A2,A2
5678,2376,0.4847,deplain_apa_doc,apa_lha,A2,A2
5679,3961,0.3823,deplain_apa_doc,apa_lha,A2,B1
5680,1886,0.4791,deplain_apa_doc,apa_lha,A2,A2
5681,2068,0.4467,deplain_apa_doc,apa_lha,A2,A2
5682,2094,0.4934,deplain_apa_doc,apa_lha,A2,A2
5683,3832,0.4614,deplain_apa_doc,apa_lha,A2,B1
5684,3381,0.5045,deplain_apa_doc,apa_lha,A2,B1
5685,2099,0.5784,deplain_apa_doc,apa_lha,A2,A2
5686,2095,0.5384,deplain_apa_doc,apa_lha,A2,A2
5687,2201,0.4301,deplain_apa_doc,apa_lha,A2,A2
5688,2193,0.4819,deplain_apa_doc,apa_lha,A2,A2
5689,3939,0.5366,deplain_apa_doc,apa_lha,A2,B1
5690,2052,0.5334,deplain_apa_doc,apa_lha,A2,A2
5691,3626,0.469,deplain_apa_doc,apa_lha,A2,B1
5692,2803,0.3257,deplain_apa_doc,apa_lha,A2,A2
5693,1872,0.6088,deplain_apa_doc,apa_lha,A2,A2
5694,2011,0.5176,deplain_apa_doc,apa_lha,A2,A2
5695,2345,0.6699,deplain_apa_doc,apa_lha,A2,A2
5696,2061,0.3834,deplain_apa_doc,apa_lha,A2,A2
5697,1971,0.5628,deplain_apa_doc,apa_lha,A2,A2
5698,2080,0.4737,deplain_apa_doc,apa_lha,A2,A2
5699,2365,0.4606,deplain_apa_doc,apa_lha,A2,A2
5700,2136,0.5668,deplain_apa_doc,apa_lha,A2,A2
5701,2417,0.4901,deplain_apa_doc,apa_lha,A2,A2
5702,2338,0.5309,deplain_apa_doc,apa_lha,A2,A2
5703,3779,0.5197,deplain_apa_doc,apa_lha,A2,B1
5704,2289,0.4548,deplain_apa_doc,apa_lha,A2,A2
5705,3870,0.5005,deplain_apa_doc,apa_lha,A2,B1
5706,2125,0.5634,deplain_apa_doc,apa_lha,A2,A2
5707,3907,0.5118,deplain_apa_doc,apa_lha,A2,B1
5708,2278,0.4706,deplain_apa_doc,apa_lha,A2,A2
5709,2285,0.5256,deplain_apa_doc,apa_lha,A2,A2
5710,2261,0.4636,deplain_apa_doc,apa_lha,A2,A2
5711,1872,0.6028,deplain_apa_doc,apa_lha,A2,A2
5712,1861,0.4773,deplain_apa_doc,apa_lha,A2,A2
5713,3883,0.4757,deplain_apa_doc,apa_lha,A2,B1
5714,1904,0.4634,deplain_apa_doc,apa_lha,A2,A2
5715,1861,0.5142,deplain_apa_doc,apa_lha,A2,A2
5716,1923,0.4764,deplain_apa_doc,apa_lha,A2,A2
5717,1975,0.5978,deplain_apa_doc,apa_lha,A2,A2
5718,2183,0.4978,deplain_apa_doc,apa_lha,A2,A2
5719,2261,0.4821,deplain_apa_doc,apa_lha,A2,A2
5720,1927,0.4925,deplain_apa_doc,apa_lha,A2,A2
5721,2321,0.6499,deplain_apa_doc,apa_lha,A2,A2
5722,1929,0.5191,deplain_apa_doc,apa_lha,A2,A2
5723,1872,0.6486,deplain_apa_doc,apa_lha,A2,A2
5724,2249,0.5116,deplain_apa_doc,apa_lha,A2,A2
5725,2125,0.5047,deplain_apa_doc,apa_lha,A2,A2
5726,2120,0.5623,deplain_apa_doc,apa_lha,A2,A2
5727,2117,0.5225,deplain_apa_doc,apa_lha,A2,A2
5728,2358,0.4551,deplain_apa_doc,apa_lha,A2,A2
5729,2036,0.3932,deplain_apa_doc,apa_lha,A2,A2
5730,2020,0.4867,deplain_apa_doc,apa_lha,A2,A2
5731,2306,0.4848,deplain_apa_doc,apa_lha,A2,A2
5732,2058,0.6556,deplain_apa_doc,apa_lha,A2,A2
5733,2322,0.5644,deplain_apa_doc,apa_lha,A2,A2
5734,2159,0.5077,deplain_apa_doc,apa_lha,A2,A2
5735,2112,0.5414,deplain_apa_doc,apa_lha,A2,A2
5736,2115,0.4689,deplain_apa_doc,apa_lha,A2,A2
5737,1906,0.3645,deplain_apa_doc,apa_lha,A2,A2
5738,2131,0.4884,deplain_apa_doc,apa_lha,A2,A2
5739,2115,0.463,deplain_apa_doc,apa_lha,A2,A2
5740,2356,0.5359,deplain_apa_doc,apa_lha,A2,A2
5741,1559,0.4726,deplain_apa_doc,apa_lha,A2,A2
5742,2430,0.4712,deplain_apa_doc,apa_lha,A2,A2
5743,2178,0.3974,deplain_apa_doc,apa_lha,A2,A2
5744,2037,0.4115,deplain_apa_doc,apa_lha,A2,A2
5745,3819,0.5793,deplain_apa_doc,apa_lha,A2,B1
5746,2327,0.6288,deplain_apa_doc,apa_lha,A2,A2
5747,2292,0.4498,deplain_apa_doc,apa_lha,A2,A2
5748,4058,0.5965,deplain_apa_doc,apa_lha,A2,B1
5749,2417,0.5239,deplain_apa_doc,apa_lha,A2,A2
5750,4078,0.4797,deplain_apa_doc,apa_lha,A2,B1
5751,2400,0.4705,deplain_apa_doc,apa_lha,A2,A2
5752,3751,0.4481,deplain_apa_doc,apa_lha,A2,B1
5753,2432,0.3701,deplain_apa_doc,apa_lha,A2,A2
5754,2471,0.5166,deplain_apa_doc,apa_lha,A2,A2
5755,2498,0.4962,deplain_apa_doc,apa_lha,A2,A2
5756,4051,0.5238,deplain_apa_doc,apa_lha,A2,B1
5757,2411,0.4838,deplain_apa_doc,apa_lha,A2,A2
5758,2479,0.4535,deplain_apa_doc,apa_lha,A2,A2
5759,2513,0.4087,deplain_apa_doc,apa_lha,A2,A2
5760,2401,0.5238,deplain_apa_doc,apa_lha,A2,A2
5761,2516,0.6422,deplain_apa_doc,apa_lha,A2,A2
5762,2386,0.7022,deplain_apa_doc,apa_lha,A2,A2
5763,2430,0.6605,deplain_apa_doc,apa_lha,A2,A2
5764,2454,0.5466,deplain_apa_doc,apa_lha,A2,A2
5765,4097,0.549,deplain_apa_doc,apa_lha,A2,B1
5766,2436,0.4817,deplain_apa_doc,apa_lha,A2,A2
5767,2415,0.492,deplain_apa_doc,apa_lha,A2,A2
5768,2473,0.5839,deplain_apa_doc,apa_lha,A2,A2
5769,2447,0.3998,deplain_apa_doc,apa_lha,A2,A2
5770,2448,0.5136,deplain_apa_doc,apa_lha,A2,A2
5771,3049,0.4347,deplain_apa_doc,apa_lha,A2,A2
5772,2442,0.4355,deplain_apa_doc,apa_lha,A2,A2
5773,2405,0.5529,deplain_apa_doc,apa_lha,A2,A2
5774,4005,0.5583,deplain_apa_doc,apa_lha,A2,B1
5775,2458,0.4409,deplain_apa_doc,apa_lha,A2,A2
5776,2482,0.5448,deplain_apa_doc,apa_lha,A2,A2
5777,2524,0.4504,deplain_apa_doc,apa_lha,A2,A2
5778,2490,0.5166,deplain_apa_doc,apa_lha,A2,A2
5779,4068,0.3955,deplain_apa_doc,apa_lha,A2,B1
5780,2463,0.5517,deplain_apa_doc,apa_lha,A2,A2
5781,2393,0.5307,deplain_apa_doc,apa_lha,A2,A2
5782,2502,0.5488,deplain_apa_doc,apa_lha,A2,A2
5783,2397,0.5151,deplain_apa_doc,apa_lha,A2,A2
5784,2488,0.4268,deplain_apa_doc,apa_lha,A2,A2
5785,2358,0.4129,deplain_apa_doc,apa_lha,A2,A2
5786,2520,0.4691,deplain_apa_doc,apa_lha,A2,A2
5787,2515,0.481,deplain_apa_doc,apa_lha,A2,A2
5788,2391,0.3779,deplain_apa_doc,apa_lha,A2,A2
5789,2511,0.5263,deplain_apa_doc,apa_lha,A2,A2
5790,2511,0.5639,deplain_apa_doc,apa_lha,A2,A2
5791,2529,0.3966,deplain_apa_doc,apa_lha,A2,A2
5792,2261,0.4521,deplain_apa_doc,apa_lha,A2,A2
5793,2974,0.5466,deplain_apa_doc,apa_lha,A2,A2
5794,2491,0.4012,deplain_apa_doc,apa_lha,A2,A2
5795,4482,0.5013,deplain_apa_doc,apa_lha,A2,B1
5796,2464,0.4585,deplain_apa_doc,apa_lha,A2,A2
5797,1989,0.5168,deplain_apa_doc,apa_lha,A2,A2
5798,2052,0.2859,deplain_apa_doc,apa_lha,A2,A2
5799,2261,0.4175,deplain_apa_doc,apa_lha,A2,A2
5800,4055,0.2968,deplain_apa_doc,apa_lha,A2,B1
5801,2004,0.3999,deplain_apa_doc,apa_lha,A2,A2
5802,1559,0.4984,deplain_apa_doc,apa_lha,A2,A2
5803,2386,0.4492,deplain_apa_doc,apa_lha,A2,A2
5804,3144,0.4115,deplain_apa_doc,apa_lha,A2,A2
